{
    "val_loss": 0.04520110785961151,
    "val_acc": 1.0,
    "test_loss": 0.19202345609664917,
    "test_acc": 0.8888888955116272
}